Biomarqueur,Méthode,F1_Score,Energie_kWh,Score_Composite
ER,Règles,0.95,1e-06,0.97997
ER,ML_CRF,0.88,5e-05,0.8605
ER,LLM,0.96,0.015,0.41400000000000003
Ki67,Règles,0.45,1e-06,0.77997
Ki67,ML_CRF,0.82,5e-05,0.8365
Ki67,LLM,0.85,0.015,0.37
Grade,Règles,0.7,1e-06,0.8799699999999999
Grade,ML_CRF,0.89,5e-05,0.8645
Grade,LLM,0.92,0.015,0.398
